<?xml version='1.0' encoding='UTF-8'?>
<!DOCTYPE hibernate-configuration PUBLIC
          "-//Hibernate/Hibernate Configuration DTD 3.0//EN"
          "http://hibernate.sourceforge.net/hibernate-configuration-3.0.dtd">

<!-- Generated by MyEclipse Hibernate Tools.  -->
<hibernate-configuration>

	<session-factory>
		<property name="connection.username">username</property>
		<property name="connection.password">password</property>
		<property name="connection.url">jdbc:mysql://IP:port/shede?jdbcCompliantTruncation=false&amp;useUnicode=true&amp;characterEncoding=gbk&amp;autoConnect=true</property>
		<property name="dialect">org.hibernate.dialect.MySQLDialect</property>
		<property name="connection.driver_class">org.gjt.mm.mysql.Driver</property>

		<property name="hibernate.connection.provider_class">org.hibernate.connection.C3P0ConnectionProvider</property>
		<property name="hibernate.c3p0.max_size">500</property>
		<property name="hibernate.c3p0.min_size">50</property>
		<property name="hibernate.c3p0.timeout">3600</property>
		<property name="hibernate.c3p0.max_statements">5000</property>
		<property name="hibernate.c3p0.idle_test_period">300</property>
		<property name="hibernate.c3p0.acquire_increment">10</property>
		<property name="hibernate.c3p0.validate">false</property>
		
		<property name="show_sql">true</property>

		<mapping resource="Message.hbm.xml"/>
	</session-factory>

</hibernate-configuration>