<?xml version="1.0"?>
<!DOCTYPE hibernate-mapping PUBLIC "-//Hibernate/Hibernate Mapping DTD 3.0//EN"
"http://hibernate.sourceforge.net/hibernate-mapping-3.0.dtd">
<!-- 
    Mapping file autogenerated by MyEclipse - Hibernate Tools
-->
<hibernate-mapping>
    <class name="com.akala.dbcache.core.Message" table="tb_message" catalog="shede">
	<id name="id" type="java.lang.Long" column="id">
        <generator class="identity" />
	</id>
	<property name="createTime" column="createTime"/>
	<property name="postUserId" column="postUserId"/>
	<property name="hasRead" column="hasRead"/>
	<property name="postUserDelete" column="postUserDelete"/>
	<property name="receiveUserDelete" column="receiveUserDelete"/>
	<property name="receiveUserId" column="receiveUserId"/>
	<property name="type" column="type"/>
	<property name="content" column="content"/>
	<property name="title" column="title"/>
    </class>
</hibernate-mapping>